{
    "loss": 1.5546436309814453,
    "accuracy": 0.8345323801040649
}