{
    "loss": 12.257078170776367,
    "accuracy": 0.5179855823516846
}