{
    "loss": 2.544009208679199,
    "accuracy": 0.6762589812278748
}